{
  "saved_utc_time": "2022-03-17 06:07:47.032961",
  "mgeo_file_hash": "{'crosswalk_set.json': '4f53cda18c2baa0c0354bb5f9a3ecbe5ed12ab4d8e11ba873c2f11161202b945', 'intersection_controller_set.json': '4f53cda18c2baa0c0354bb5f9a3ecbe5ed12ab4d8e11ba873c2f11161202b945', 'lane_boundary_set.json': '991e5030a6dcd6e52b8b7fd7084f18917e2c2f615c347f5830d6cd14dd45db2c', 'lane_node_set.json': '841f7c9af43094a3e6b0cb656a37e42b692b6b06f149b782c488f648ea539542', 'link_set.json': '7f95a75d25de557d1c13347f85fea4814b1806df4a7fd1d784220d5533a2923b', 'node_set.json': '3280d97b6759cb94ff50c8cad8c83dfea194a42564bfd2e1675c56fe6b31f693', 'parking_space_set.json': '4f53cda18c2baa0c0354bb5f9a3ecbe5ed12ab4d8e11ba873c2f11161202b945', 'road_polygon_set.json': '4f53cda18c2baa0c0354bb5f9a3ecbe5ed12ab4d8e11ba873c2f11161202b945', 'singlecrosswalk_set.json': '4f53cda18c2baa0c0354bb5f9a3ecbe5ed12ab4d8e11ba873c2f11161202b945', 'surface_marking_set.json': '4f53cda18c2baa0c0354bb5f9a3ecbe5ed12ab4d8e11ba873c2f11161202b945', 'synced_traffic_light_set.json': '4f53cda18c2baa0c0354bb5f9a3ecbe5ed12ab4d8e11ba873c2f11161202b945', 'traffic_light_set.json': '4f53cda18c2baa0c0354bb5f9a3ecbe5ed12ab4d8e11ba873c2f11161202b945', 'traffic_sign_set.json': '4f53cda18c2baa0c0354bb5f9a3ecbe5ed12ab4d8e11ba873c2f11161202b945'}",
  "maj_ver": 2,
  "min_ver": 9,
  "global_coordinate_system": "+proj=utm +zone=52 +datum=WGS84 +units=m +no_defs",
  "local_origin_in_global": [
    353586.06676841626,
    4023716.005954971,
    0.0
  ],
  "workspace_origin": [
    0,
    0,
    0
  ],
  "lane_change_link_included": true,
  "traffic_dir": "",
  "country": "",
  "road_type": "",
  "road_type_def": "",
  "license": "MORAI Inc."
}